{
	"info": {
		"_postman_id": "5b06545c-1090-4d77-a020-1c6899a8dce7",
		"name": "nusec-library-api",
		"schema": "https://schema.getpostman.com/json/collection/v2.1.0/collection.json"
	},
	"item": [
		{
			"name": "get-token",
			"request": {
				"method": "POST",
				"header": [],
				"body": {
					"mode": "raw",
					"raw": "{\n\t\"username\": \"admin\",\n\t\"password\": \"admin\"\n}",
					"options": {
						"raw": {
							"language": "json"
						}
					}
				},
				"url": {
					"raw": "http://localhost:8092/login",
					"protocol": "http",
					"host": [
						"localhost"
					],
					"port": "8092",
					"path": [
						"login"
					]
				}
			},
			"response": []
		},
		{
			"name": "get-paging-books",
			"request": {
				"auth": {
					"type": "bearer",
					"bearer": [
						{
							"key": "token",
							"value": "eyJhbGciOiJIUzI1NiJ9.eyJzdWIiOiJhZG1pbiIsImlzcyI6InRvbGdhYXJpayIsImlhdCI6MTY1NDY4Nzg4MSwiZXhwIjoxNjU1MjkyNjgxfQ.mHkBXcGQhD7DeRo0oB3p6JdcGm86rS0y8PqWiyw9SSo",
							"type": "string"
						}
					]
				},
				"method": "GET",
				"header": [],
				"url": {
					"raw": "http://localhost:8093/books?page=1",
					"protocol": "http",
					"host": [
						"localhost"
					],
					"port": "8093",
					"path": [
						"books"
					],
					"query": [
						{
							"key": "page",
							"value": "1"
						}
					]
				}
			},
			"response": []
		},
		{
			"name": "get-paging-documentaries",
			"request": {
				"auth": {
					"type": "bearer",
					"bearer": [
						{
							"key": "token",
							"value": "eyJhbGciOiJIUzI1NiJ9.eyJzdWIiOiJhZG1pbiIsImlzcyI6InRvbGdhYXJpayIsImlhdCI6MTY1NDY4Nzg4MSwiZXhwIjoxNjU1MjkyNjgxfQ.mHkBXcGQhD7DeRo0oB3p6JdcGm86rS0y8PqWiyw9SSo",
							"type": "string"
						}
					]
				},
				"method": "GET",
				"header": [],
				"url": {
					"raw": "http://localhost:8093/documentaries?page=1",
					"protocol": "http",
					"host": [
						"localhost"
					],
					"port": "8093",
					"path": [
						"documentaries"
					],
					"query": [
						{
							"key": "page",
							"value": "1"
						}
					]
				}
			},
			"response": []
		},
		{
			"name": "get-paging-newspaper",
			"request": {
				"auth": {
					"type": "bearer",
					"bearer": [
						{
							"key": "token",
							"value": "eyJhbGciOiJIUzI1NiJ9.eyJzdWIiOiJhZG1pbiIsImlzcyI6InRvbGdhYXJpayIsImlhdCI6MTY1NDY4Nzg4MSwiZXhwIjoxNjU1MjkyNjgxfQ.mHkBXcGQhD7DeRo0oB3p6JdcGm86rS0y8PqWiyw9SSo",
							"type": "string"
						}
					]
				},
				"method": "GET",
				"header": [],
				"url": {
					"raw": "http://localhost:8093/newspapers?page=1",
					"protocol": "http",
					"host": [
						"localhost"
					],
					"port": "8093",
					"path": [
						"newspapers"
					],
					"query": [
						{
							"key": "page",
							"value": "1"
						}
					]
				}
			},
			"response": []
		},
		{
			"name": "save-book",
			"request": {
				"auth": {
					"type": "bearer",
					"bearer": [
						{
							"key": "token",
							"value": "eyJhbGciOiJIUzI1NiJ9.eyJzdWIiOiJhZG1pbiIsImlzcyI6InRvbGdhYXJpayIsImlhdCI6MTY1NDY4Nzg4MSwiZXhwIjoxNjU1MjkyNjgxfQ.mHkBXcGQhD7DeRo0oB3p6JdcGm86rS0y8PqWiyw9SSo",
							"type": "string"
						}
					]
				},
				"method": "POST",
				"header": [],
				"body": {
					"mode": "raw",
					"raw": "{\n\t\"name\": \"comodo-book\",\n\t\"available\": true\n}",
					"options": {
						"raw": {
							"language": "json"
						}
					}
				},
				"url": {
					"raw": "http://localhost:8093/books",
					"protocol": "http",
					"host": [
						"localhost"
					],
					"port": "8093",
					"path": [
						"books"
					]
				}
			},
			"response": []
		},
		{
			"name": "save-documentary",
			"request": {
				"auth": {
					"type": "bearer",
					"bearer": [
						{
							"key": "token",
							"value": "eyJhbGciOiJIUzI1NiJ9.eyJzdWIiOiJhZG1pbiIsImlzcyI6Ind3dy5oYXlkaWtvZGxheWFsaW0uY29tIiwiaWF0IjoxNjU0NTk5NDQzLCJleHAiOjE2NTQ1OTk3NDN9.WBwGSg2koyPZ37J7dcdPxI610rOsZs4kCK2PH1n1vLQ",
							"type": "string"
						}
					]
				},
				"method": "POST",
				"header": [],
				"body": {
					"mode": "raw",
					"raw": "{\n\t\"name\": \"comodo-documentary\",\n\t\"available\": true\n}",
					"options": {
						"raw": {
							"language": "json"
						}
					}
				},
				"url": {
					"raw": "http://localhost:8093/documentaries",
					"protocol": "http",
					"host": [
						"localhost"
					],
					"port": "8093",
					"path": [
						"documentaries"
					]
				}
			},
			"response": []
		},
		{
			"name": "save-newspaper",
			"request": {
				"auth": {
					"type": "bearer",
					"bearer": [
						{
							"key": "token",
							"value": "eyJhbGciOiJIUzI1NiJ9.eyJzdWIiOiJhZG1pbiIsImlzcyI6InRvbGdhYXJpayIsImlhdCI6MTY1NDY4Nzg4MSwiZXhwIjoxNjU1MjkyNjgxfQ.mHkBXcGQhD7DeRo0oB3p6JdcGm86rS0y8PqWiyw9SSo",
							"type": "string"
						}
					]
				},
				"method": "POST",
				"header": [],
				"body": {
					"mode": "raw",
					"raw": "{\n\t\"name\": \"comodo-newspaper\",\n\t\"available\": true\n}",
					"options": {
						"raw": {
							"language": "json"
						}
					}
				},
				"url": {
					"raw": "http://localhost:8093/newspapers",
					"protocol": "http",
					"host": [
						"localhost"
					],
					"port": "8093",
					"path": [
						"newspapers"
					]
				}
			},
			"response": []
		},
		{
			"name": "update-book",
			"request": {
				"method": "PUT",
				"header": [],
				"body": {
					"mode": "raw",
					"raw": "{\r\n    \"available\": false,\r\n    \"name\": \"comodo-1\"\r\n}",
					"options": {
						"raw": {
							"language": "json"
						}
					}
				},
				"url": {
					"raw": "http://localhost:8093/books/1",
					"protocol": "http",
					"host": [
						"localhost"
					],
					"port": "8093",
					"path": [
						"books",
						"1"
					]
				}
			},
			"response": []
		},
		{
			"name": "update-documentary",
			"request": {
				"method": "PUT",
				"header": [],
				"body": {
					"mode": "raw",
					"raw": "{\r\n    \"available\": false,\r\n    \"name\": \"comodo-1\"\r\n}",
					"options": {
						"raw": {
							"language": "json"
						}
					}
				},
				"url": {
					"raw": "http://localhost:8093/books/1",
					"protocol": "http",
					"host": [
						"localhost"
					],
					"port": "8093",
					"path": [
						"books",
						"1"
					]
				}
			},
			"response": []
		},
		{
			"name": "update-newspaper",
			"request": {
				"method": "PUT",
				"header": [],
				"body": {
					"mode": "raw",
					"raw": "{\r\n    \"available\": false,\r\n    \"name\": \"comodo-1\"\r\n}",
					"options": {
						"raw": {
							"language": "json"
						}
					}
				},
				"url": {
					"raw": "http://localhost:8093/books/1",
					"protocol": "http",
					"host": [
						"localhost"
					],
					"port": "8093",
					"path": [
						"books",
						"1"
					]
				}
			},
			"response": []
		},
		{
			"name": "delete-book",
			"request": {
				"auth": {
					"type": "bearer",
					"bearer": [
						{
							"key": "token",
							"value": "eyJhbGciOiJIUzI1NiJ9.eyJzdWIiOiJhZG1pbiIsImlzcyI6Ind3dy5oYXlkaWtvZGxheWFsaW0uY29tIiwiaWF0IjoxNjU0Njg2NzM0LCJleHAiOjE2NTQ2ODcwMzR9.ERd02UytjHuvvCGItIgoh6onh7n8OSQZtBPI-Z5rZUA",
							"type": "string"
						}
					]
				},
				"method": "DELETE",
				"header": [],
				"url": {
					"raw": "http://localhost:8093/books/1",
					"protocol": "http",
					"host": [
						"localhost"
					],
					"port": "8093",
					"path": [
						"books",
						"1"
					]
				}
			},
			"response": []
		},
		{
			"name": "delete-newspaper",
			"request": {
				"auth": {
					"type": "bearer",
					"bearer": [
						{
							"key": "token",
							"value": "eyJhbGciOiJIUzI1NiJ9.eyJzdWIiOiJhZG1pbiIsImlzcyI6Ind3dy5oYXlkaWtvZGxheWFsaW0uY29tIiwiaWF0IjoxNjU0Njg2NzM0LCJleHAiOjE2NTQ2ODcwMzR9.ERd02UytjHuvvCGItIgoh6onh7n8OSQZtBPI-Z5rZUA",
							"type": "string"
						}
					]
				},
				"method": "DELETE",
				"header": [],
				"url": {
					"raw": "http://localhost:8093/newspapers/1",
					"protocol": "http",
					"host": [
						"localhost"
					],
					"port": "8093",
					"path": [
						"newspapers",
						"1"
					]
				}
			},
			"response": []
		},
		{
			"name": "delete-documentary",
			"request": {
				"auth": {
					"type": "bearer",
					"bearer": [
						{
							"key": "token",
							"value": "eyJhbGciOiJIUzI1NiJ9.eyJzdWIiOiJhZG1pbiIsImlzcyI6Ind3dy5oYXlkaWtvZGxheWFsaW0uY29tIiwiaWF0IjoxNjU0Njg2NzM0LCJleHAiOjE2NTQ2ODcwMzR9.ERd02UytjHuvvCGItIgoh6onh7n8OSQZtBPI-Z5rZUA",
							"type": "string"
						}
					]
				},
				"method": "DELETE",
				"header": [],
				"url": {
					"raw": "http://localhost:8093/newspapers/1",
					"protocol": "http",
					"host": [
						"localhost"
					],
					"port": "8093",
					"path": [
						"newspapers",
						"1"
					]
				}
			},
			"response": []
		},
		{
			"name": "change-status-book",
			"request": {
				"auth": {
					"type": "bearer",
					"bearer": [
						{
							"key": "token",
							"value": "eyJhbGciOiJIUzI1NiJ9.eyJzdWIiOiJhZG1pbiIsImlzcyI6InRvbGdhYXJpayIsImlhdCI6MTY1NDY4NzIxMCwiZXhwIjoxNjU1MjkyMDEwfQ.akxY2GEnuugAnRFNSHdu9dmRLQ0417D6YWyc5FQCQ44",
							"type": "string"
						}
					]
				},
				"method": "PUT",
				"header": [],
				"url": {
					"raw": "http://localhost:8093/books/1/status",
					"protocol": "http",
					"host": [
						"localhost"
					],
					"port": "8093",
					"path": [
						"books",
						"1",
						"status"
					]
				}
			},
			"response": []
		},
		{
			"name": "change-status-documentary",
			"request": {
				"auth": {
					"type": "bearer",
					"bearer": [
						{
							"key": "token",
							"value": "eyJhbGciOiJIUzI1NiJ9.eyJzdWIiOiJhZG1pbiIsImlzcyI6InRvbGdhYXJpayIsImlhdCI6MTY1NDY4NzIxMCwiZXhwIjoxNjU1MjkyMDEwfQ.akxY2GEnuugAnRFNSHdu9dmRLQ0417D6YWyc5FQCQ44",
							"type": "string"
						}
					]
				},
				"method": "PUT",
				"header": [],
				"url": {
					"raw": "http://localhost:8093/books/1/status",
					"protocol": "http",
					"host": [
						"localhost"
					],
					"port": "8093",
					"path": [
						"books",
						"1",
						"status"
					]
				}
			},
			"response": []
		},
		{
			"name": "change-status-newspaper",
			"request": {
				"auth": {
					"type": "bearer",
					"bearer": [
						{
							"key": "token",
							"value": "eyJhbGciOiJIUzI1NiJ9.eyJzdWIiOiJhZG1pbiIsImlzcyI6InRvbGdhYXJpayIsImlhdCI6MTY1NDY4NzIxMCwiZXhwIjoxNjU1MjkyMDEwfQ.akxY2GEnuugAnRFNSHdu9dmRLQ0417D6YWyc5FQCQ44",
							"type": "string"
						}
					]
				},
				"method": "PUT",
				"header": [],
				"url": {
					"raw": "http://localhost:8093/books/1/status",
					"protocol": "http",
					"host": [
						"localhost"
					],
					"port": "8093",
					"path": [
						"books",
						"1",
						"status"
					]
				}
			},
			"response": []
		},
		{
			"name": "get-book-status-by-name",
			"request": {
				"auth": {
					"type": "bearer",
					"bearer": [
						{
							"key": "token",
							"value": "eyJhbGciOiJIUzI1NiJ9.eyJzdWIiOiJhZG1pbiIsImlzcyI6InRvbGdhYXJpayIsImlhdCI6MTY1NDY4NzIxMCwiZXhwIjoxNjU1MjkyMDEwfQ.akxY2GEnuugAnRFNSHdu9dmRLQ0417D6YWyc5FQCQ44",
							"type": "string"
						}
					]
				},
				"method": "GET",
				"header": [],
				"url": {
					"raw": "http://localhost:8093/books/comodo/status",
					"protocol": "http",
					"host": [
						"localhost"
					],
					"port": "8093",
					"path": [
						"books",
						"comodo",
						"status"
					]
				}
			},
			"response": []
		},
		{
			"name": "get-documentary-status-by-name",
			"request": {
				"auth": {
					"type": "bearer",
					"bearer": [
						{
							"key": "token",
							"value": "eyJhbGciOiJIUzI1NiJ9.eyJzdWIiOiJhZG1pbiIsImlzcyI6InRvbGdhYXJpayIsImlhdCI6MTY1NDY4NzIxMCwiZXhwIjoxNjU1MjkyMDEwfQ.akxY2GEnuugAnRFNSHdu9dmRLQ0417D6YWyc5FQCQ44",
							"type": "string"
						}
					]
				},
				"method": "GET",
				"header": [],
				"url": {
					"raw": "http://localhost:8093/books/comodo/status",
					"protocol": "http",
					"host": [
						"localhost"
					],
					"port": "8093",
					"path": [
						"books",
						"comodo",
						"status"
					]
				}
			},
			"response": []
		},
		{
			"name": "get-newspaper-status-by-name",
			"request": {
				"auth": {
					"type": "bearer",
					"bearer": [
						{
							"key": "token",
							"value": "eyJhbGciOiJIUzI1NiJ9.eyJzdWIiOiJhZG1pbiIsImlzcyI6InRvbGdhYXJpayIsImlhdCI6MTY1NDY4NzIxMCwiZXhwIjoxNjU1MjkyMDEwfQ.akxY2GEnuugAnRFNSHdu9dmRLQ0417D6YWyc5FQCQ44",
							"type": "string"
						}
					]
				},
				"method": "GET",
				"header": [],
				"url": {
					"raw": "http://localhost:8093/books/comodo/status",
					"protocol": "http",
					"host": [
						"localhost"
					],
					"port": "8093",
					"path": [
						"books",
						"comodo",
						"status"
					]
				}
			},
			"response": []
		},
		{
			"name": "count-all",
			"request": {
				"auth": {
					"type": "bearer",
					"bearer": [
						{
							"key": "token",
							"value": "eyJhbGciOiJIUzI1NiJ9.eyJzdWIiOiJhZG1pbiIsImlzcyI6InRvbGdhYXJpayIsImlhdCI6MTY1NDY4ODY4NCwiZXhwIjoxNjU1MjkzNDg0fQ.-pN3NXCeOvPGRUtWLZQk0dLiHqjUQxNP9TR-MHioHaM",
							"type": "string"
						}
					]
				},
				"method": "GET",
				"header": [],
				"url": {
					"raw": "http://localhost:8093/items",
					"protocol": "http",
					"host": [
						"localhost"
					],
					"port": "8093",
					"path": [
						"items"
					]
				}
			},
			"response": []
		},
		{
			"name": "count-books",
			"request": {
				"auth": {
					"type": "bearer",
					"bearer": [
						{
							"key": "token",
							"value": "eyJhbGciOiJIUzI1NiJ9.eyJzdWIiOiJhZG1pbiIsImlzcyI6InRvbGdhYXJpayIsImlhdCI6MTY1NDY4ODY4NCwiZXhwIjoxNjU1MjkzNDg0fQ.-pN3NXCeOvPGRUtWLZQk0dLiHqjUQxNP9TR-MHioHaM",
							"type": "string"
						}
					]
				},
				"method": "GET",
				"header": [],
				"url": {
					"raw": "http://localhost:8093/items?type=books&available=true",
					"protocol": "http",
					"host": [
						"localhost"
					],
					"port": "8093",
					"path": [
						"items"
					],
					"query": [
						{
							"key": "type",
							"value": "books"
						},
						{
							"key": "available",
							"value": "true"
						}
					]
				}
			},
			"response": []
		},
		{
			"name": "count-documentaries",
			"request": {
				"auth": {
					"type": "bearer",
					"bearer": [
						{
							"key": "token",
							"value": "eyJhbGciOiJIUzI1NiJ9.eyJzdWIiOiJhZG1pbiIsImlzcyI6InRvbGdhYXJpayIsImlhdCI6MTY1NDY4ODY4NCwiZXhwIjoxNjU1MjkzNDg0fQ.-pN3NXCeOvPGRUtWLZQk0dLiHqjUQxNP9TR-MHioHaM",
							"type": "string"
						}
					]
				},
				"method": "GET",
				"header": [],
				"url": {
					"raw": "http://localhost:8093/items?type=documentaries&available=true",
					"protocol": "http",
					"host": [
						"localhost"
					],
					"port": "8093",
					"path": [
						"items"
					],
					"query": [
						{
							"key": "type",
							"value": "documentaries"
						},
						{
							"key": "available",
							"value": "true"
						}
					]
				}
			},
			"response": []
		},
		{
			"name": "count-newspapers",
			"request": {
				"auth": {
					"type": "bearer",
					"bearer": [
						{
							"key": "token",
							"value": "eyJhbGciOiJIUzI1NiJ9.eyJzdWIiOiJhZG1pbiIsImlzcyI6InRvbGdhYXJpayIsImlhdCI6MTY1NDY4ODY4NCwiZXhwIjoxNjU1MjkzNDg0fQ.-pN3NXCeOvPGRUtWLZQk0dLiHqjUQxNP9TR-MHioHaM",
							"type": "string"
						}
					]
				},
				"method": "GET",
				"header": [],
				"url": {
					"raw": "http://localhost:8093/items?type=newspapers&available=true",
					"protocol": "http",
					"host": [
						"localhost"
					],
					"port": "8093",
					"path": [
						"items"
					],
					"query": [
						{
							"key": "type",
							"value": "newspapers"
						},
						{
							"key": "available",
							"value": "true"
						}
					]
				}
			},
			"response": []
		}
	],
	"protocolProfileBehavior": {}
}